{
    "name": "root",
    "metadata": {
        "timer_format_version": "0.1.0",
        "start_time_seconds": "1670439710",
        "python_version": "3.7.15 (default, Nov 24 2022, 18:44:54) [MSC v.1916 64 bit (AMD64)]",
        "command_line_arguments": "D:\\Programs\\Anaconda\\envs\\unity\\Scripts\\mlagents-learn .\\config.yaml --run-id=BetterPerformance2",
        "mlagents_version": "0.28.0",
        "mlagents_envs_version": "0.28.0",
        "communication_protocol_version": "1.5.0",
        "pytorch_version": "1.7.1+cu110",
        "numpy_version": "1.21.6",
        "end_time_seconds": "1670439746"
    },
    "total": 35.8855195,
    "count": 1,
    "self": 0.00982299999999725,
    "children": {
        "run_training.setup": {
            "total": 0.0900430000000001,
            "count": 1,
            "self": 0.0900430000000001
        },
        "TrainerController.start_learning": {
            "total": 35.7856535,
            "count": 1,
            "self": 0.0581792000000263,
            "children": {
                "TrainerController._reset_env": {
                    "total": 10.674571,
                    "count": 1,
                    "self": 10.674571
                },
                "TrainerController.advance": {
                    "total": 24.904639899999978,
                    "count": 1807,
                    "self": 0.029220800000068436,
                    "children": {
                        "env_step": {
                            "total": 24.87541909999991,
                            "count": 1807,
                            "self": 22.41784229999984,
                            "children": {
                                "SubprocessEnvManager._take_step": {
                                    "total": 2.4298426999999556,
                                    "count": 1807,
                                    "self": 0.04850089999993479,
                                    "children": {
                                        "TorchPolicy.evaluate": {
                                            "total": 2.381341800000021,
                                            "count": 541,
                                            "self": 0.480100400000012,
                                            "children": {
                                                "TorchPolicy.sample_actions": {
                                                    "total": 1.9012414000000089,
                                                    "count": 541,
                                                    "self": 1.9012414000000089
                                                }
                                            }
                                        }
                                    }
                                },
                                "workers": {
                                    "total": 0.02773410000011367,
                                    "count": 1806,
                                    "self": 0.0,
                                    "children": {
                                        "worker_root": {
                                            "total": 23.241895500000027,
                                            "count": 1806,
                                            "is_parallel": true,
                                            "self": 10.886241600000037,
                                            "children": {
                                                "steps_from_proto": {
                                                    "total": 0.0007502000000005893,
                                                    "count": 1,
                                                    "is_parallel": true,
                                                    "self": 0.00036020000000114294,
                                                    "children": {
                                                        "_process_rank_one_or_two_observation": {
                                                            "total": 0.00038999999999944635,
                                                            "count": 4,
                                                            "is_parallel": true,
                                                            "self": 0.00038999999999944635
                                                        }
                                                    }
                                                },
                                                "UnityEnvironment.step": {
                                                    "total": 12.354903699999989,
                                                    "count": 1806,
                                                    "is_parallel": true,
                                                    "self": 0.2462826000000362,
                                                    "children": {
                                                        "UnityEnvironment._generate_step_input": {
                                                            "total": 0.16383629999999805,
                                                            "count": 1806,
                                                            "is_parallel": true,
                                                            "self": 0.16383629999999805
                                                        },
                                                        "communicator.exchange": {
                                                            "total": 11.27601320000003,
                                                            "count": 1806,
                                                            "is_parallel": true,
                                                            "self": 11.27601320000003
                                                        },
                                                        "steps_from_proto": {
                                                            "total": 0.6687715999999249,
                                                            "count": 1806,
                                                            "is_parallel": true,
                                                            "self": 0.2825912999998419,
                                                            "children": {
                                                                "_process_rank_one_or_two_observation": {
                                                                    "total": 0.38618030000008297,
                                                                    "count": 7224,
                                                                    "is_parallel": true,
                                                                    "self": 0.38618030000008297
                                                                }
                                                            }
                                                        }
                                                    }
                                                }
                                            }
                                        }
                                    }
                                }
                            }
                        }
                    }
                },
                "trainer_threads": {
                    "total": 3.119999999512402e-05,
                    "count": 1,
                    "self": 3.119999999512402e-05,
                    "children": {
                        "thread_root": {
                            "total": 0.0,
                            "count": 0,
                            "is_parallel": true,
                            "self": 0.0,
                            "children": {
                                "trainer_advance": {
                                    "total": 24.950759800000075,