{
    "name": "root",
    "gauges": {
        "CollectGoals.Policy.Entropy.mean": {
            "value": 1.3726962804794312,
            "min": 1.3726962804794312,
            "max": 1.4097375869750977,
            "count": 2
        },
        "CollectGoals.Policy.Entropy.sum": {
            "value": 68652.65625,
            "min": 68652.65625,
            "max": 70492.515625,
            "count": 2
        },
        "CollectGoals.Environment.EpisodeLength.mean": {
            "value": 1.1051279892219603,
            "min": 1.0958209330594795,
            "max": 1.1051279892219603,
            "count": 2
        },
        "CollectGoals.Environment.EpisodeLength.sum": {
            "value": 26249.0,
            "min": 26143.0,
            "max": 26249.0,
            "count": 2
        },
        "CollectGoals.Step.mean": {
            "value": 99999.0,
            "min": 49998.0,
            "max": 99999.0,
            "count": 2
        },
        "CollectGoals.Step.sum": {
            "value": 99999.0,
            "min": 49998.0,
            "max": 99999.0,
            "count": 2
        },
        "CollectGoals.Policy.ExtrinsicValueEstimate.mean": {
            "value": -0.8651735782623291,
            "min": -0.8651735782623291,
            "max": -0.2859102785587311,
            "count": 2
        },
        "CollectGoals.Policy.ExtrinsicValueEstimate.sum": {
            "value": -20549.603515625,
            "min": -20549.603515625,
            "max": -6820.67578125,
            "count": 2
        },
        "CollectGoals.Policy.CuriosityValueEstimate.mean": {
            "value": -0.04553253576159477,
            "min": -0.04553253576159477,
            "max": -0.027708332985639572,
            "count": 2
        },
        "CollectGoals.Policy.CuriosityValueEstimate.sum": {
            "value": -1081.48876953125,
            "min": -1081.48876953125,
            "max": -661.010009765625,
            "count": 2
        },
        "CollectGoals.Environment.CumulativeReward.mean": {
            "value": -0.9686342202761873,
            "min": -0.9725855130784709,
            "max": -0.9686342202761873,
            "count": 2
        },
        "CollectGoals.Environment.CumulativeReward.sum": {
            "value": -23007.0,
            "min": -23202.0,
            "max": -23007.0,
            "count": 2
        },
        "CollectGoals.Policy.ExtrinsicReward.mean": {
            "value": -0.9686342202761873,
            "min": -0.9725855130784709,
            "max": -0.9686342202761873,
            "count": 2
        },
        "CollectGoals.Policy.ExtrinsicReward.sum": {
            "value": -23007.0,
            "min": -23202.0,
            "max": -23007.0,
            "count": 2
        },
        "CollectGoals.Policy.CuriosityReward.mean": {
            "value": 0.0007611409045854879,
            "min": 0.0003156403397544617,
            "max": 0.0007611409045854879,
            "count": 2
        },
        "CollectGoals.Policy.CuriosityReward.sum": {
            "value": 18.07861876571451,
            "min": 7.529915945182438,
            "max": 18.07861876571451,
            "count": 2
        },
        "CollectGoals.Losses.PolicyLoss.mean": {
            "value": 0.051522647319870885,
            "min": 0.05024792569141331,
            "max": 0.051522647319870885,
            "count": 2
        },
        "CollectGoals.Losses.PolicyLoss.sum": {
            "value": 0.10304529463974177,
            "min": 0.05024792569141331,
            "max": 0.10304529463974177,
            "count": 2
        },
        "CollectGoals.Losses.ValueLoss.mean": {
            "value": 0.03732049619672277,
            "min": 0.03732049619672277,
            "max": 0.07987875692197122,
            "count": 2
        },
        "CollectGoals.Losses.ValueLoss.sum": {
            "value": 0.07464099239344554,
            "min": 0.07464099239344554,
            "max": 0.07987875692197122,
            "count": 2
        },
        "CollectGoals.Policy.LearningRate.mean": {
            "value": 9.18076081924e-05,
            "min": 9.18076081924e-05,
            "max": 9.67231032769e-05,
            "count": 2
        },
        "CollectGoals.Policy.LearningRate.sum": {
            "value": 0.0001836152163848,
            "min": 9.67231032769e-05,
            "max": 0.0001836152163848,
            "count": 2
        },
        "CollectGoals.Policy.Epsilon.mean": {
            "value": 0.19180760000000002,
            "min": 0.19180760000000002,
            "max": 0.1967231,
            "count": 2
        },
        "CollectGoals.Policy.Epsilon.sum": {
            "value": 0.38361520000000005,
            "min": 0.1967231,
            "max": 0.38361520000000005,
            "count": 2
        },
        "CollectGoals.Policy.Beta.mean": {
            "value": 0.00459119924,
            "min": 0.00459119924,
            "max": 0.0048364826899999986,
            "count": 2
        },
        "CollectGoals.Policy.Beta.sum": {
            "value": 0.00918239848,
            "min": 0.0048364826899999986,
            "max": 0.00918239848,
            "count": 2
        },
        "CollectGoals.Losses.CuriosityForwardLoss.mean": {
            "value": 0.017184556896002807,
            "min": 0.017184556896002807,
            "max": 0.042260003290721215,
            "count": 2
        },
        "CollectGoals.Losses.CuriosityForwardLoss.sum": {
            "value": 0.034369113792005614,
            "min": 0.034369113792005614,
            "max": 0.042260003290721215,
            "count": 2
        },
        "CollectGoals.Losses.CuriosityInverseLoss.mean": {
            "value": 0.2490774664329365,
            "min": 0.2490774664329365,
            "max": 0.4183370363510524,
            "count": 2
        },
        "CollectGoals.Losses.CuriosityInverseLoss.sum": {
            "value": 0.498154932865873,
            "min": 0.4183370363510524,
            "max": 0.498154932865873,
            "count": 2
        },
        "CollectGoals.IsTraining.mean": {
            "value": 1.0,
            "min": 1.0,
            "max": 1.0,
            "count": 2
        },
        "CollectGoals.IsTraining.sum": {
            "value": 1.0,
            "min": 1.0,
            "max": 1.0,
            "count": 2
        }
    },
    "metadata": {
        "timer_format_version": "0.1.0",
        "start_time_seconds": "1670439090",
        "python_version": "3.7.15 (default, Nov 24 2022, 18:44:54) [MSC v.1916 64 bit (AMD64)]",
        "command_line_arguments": "D:\\Programs\\Anaconda\\envs\\unity\\Scripts\\mlagents-learn .\\config.yaml --run-id=BetterPerformance1",
        "mlagents_version": "0.28.0",
        "mlagents_envs_version": "0.28.0",
        "communication_protocol_version": "1.5.0",
        "pytorch_version": "1.7.1+cu110",
        "numpy_version": "1.21.6",
        "end_time_seconds": "1670439705"
    },
    "total": 614.6407884,
    "count": 1,
    "self": 0.008544700000129524,
    "children": {
        "run_training.setup": {
            "total": 0.18755039999999923,
            "count": 1,
            "self": 0.18755039999999923
        },
        "TrainerController.start_learning": {
            "total": 614.4446932999999,
            "count": 1,
            "self": 1.337426399998435,
            "children": {
                "TrainerController._reset_env": {
                    "total": 6.2670755,
                    "count": 1,
                    "self": 6.2670755
                },
                "TrainerController.advance": {
                    "total": 606.6490261000015,
                    "count": 44522,
                    "self": 0.704169700008265,
                    "children": {
                        "env_step": {
                            "total": 605.9448563999932,
                            "count": 44522,
                            "self": 568.0474133999815,